,img_idx,ids,fns,bbox,frame,particle,img_fp,cm
0,60,14,frame_00060,"[96, 169, 29.42, 19.95]",60,1,./data/images/2024_0409_183844_105_food_capture_frames/frame_00060.jpg,"(110.71, 178.98)"
1,61,132,frame_00061,"[113, 168, 26.19, 21.31]",61,1,./data/images/2024_0409_183844_105_food_capture_frames/frame_00061.jpg,"(126.1, 178.66)"
2,62,84,frame_00062,"[126, 171, 26.19, 21.31]",62,1,./data/images/2024_0409_183844_105_food_capture_frames/frame_00062.jpg,"(139.1, 181.66)"
3,63,125,frame_00063,"[141, 172, 26.19, 21.31]",63,1,./data/images/2024_0409_183844_105_food_capture_frames/frame_00063.jpg,"(154.1, 182.66)"
4,64,106,frame_00064,"[159, 175, 26.19, 21.31]",64,1,./data/images/2024_0409_183844_105_food_capture_frames/frame_00064.jpg,"(172.1, 185.66)"
5,65,238,frame_00065,"[178, 176, 26.19, 21.31]",65,1,./data/images/2024_0409_183844_105_food_capture_frames/frame_00065.jpg,"(191.1, 186.66)"
6,66,200,frame_00066,"[198, 176, 26.19, 21.31]",66,1,./data/images/2024_0409_183844_105_food_capture_frames/frame_00066.jpg,"(211.1, 186.66)"
7,67,58,frame_00067,"[223, 177, 26.19, 21.31]",67,1,./data/images/2024_0409_183844_105_food_capture_frames/frame_00067.jpg,"(236.1, 187.66)"
8,68,273,frame_00068,"[251, 176, 26.19, 21.31]",68,1,./data/images/2024_0409_183844_105_food_capture_frames/frame_00068.jpg,"(264.1, 186.66)"
9,69,68,frame_00069,"[286, 176, 26.19, 21.31]",69,1,./data/images/2024_0409_183844_105_food_capture_frames/frame_00069.jpg,"(299.1, 186.66)"
10,70,146,frame_00070,"[316, 166, 26.19, 21.31]",70,1,./data/images/2024_0409_183844_105_food_capture_frames/frame_00070.jpg,"(329.1, 176.66)"
11,71,112,frame_00071,"[327, 158, 26.19, 21.31]",71,1,./data/images/2024_0409_183844_105_food_capture_frames/frame_00071.jpg,"(340.1, 168.66)"
12,72,33,frame_00072,"[332, 140, 26.19, 21.31]",72,1,./data/images/2024_0409_183844_105_food_capture_frames/frame_00072.jpg,"(345.1, 150.66)"
13,73,63,frame_00073,"[377, 113, 26.19, 21.31]",73,1,./data/images/2024_0409_183844_105_food_capture_frames/frame_00073.jpg,"(390.1, 123.66)"
14,74,252,frame_00074,"[398, 126, 26.19, 21.31]",74,1,./data/images/2024_0409_183844_105_food_capture_frames/frame_00074.jpg,"(411.1, 136.66)"
15,75,24,frame_00075,"[398, 133, 26.19, 21.31]",75,1,./data/images/2024_0409_183844_105_food_capture_frames/frame_00075.jpg,"(411.1, 143.66)"
16,76,172,frame_00076,"[396, 138, 26.19, 21.31]",76,1,./data/images/2024_0409_183844_105_food_capture_frames/frame_00076.jpg,"(409.1, 148.66)"
17,77,150,frame_00077,"[395, 145, 20.57, 16.93]",77,1,./data/images/2024_0409_183844_105_food_capture_frames/frame_00077.jpg,"(405.28, 153.46)"
18,78,138,frame_00078,"[396, 149, 20.57, 16.93]",78,1,./data/images/2024_0409_183844_105_food_capture_frames/frame_00078.jpg,"(406.28, 157.46)"
19,79,161,frame_00079,"[396, 152, 20.57, 16.93]",79,1,./data/images/2024_0409_183844_105_food_capture_frames/frame_00079.jpg,"(406.28, 160.46)"
20,80,256,frame_00080,"[396, 156, 20.57, 16.93]",80,1,./data/images/2024_0409_183844_105_food_capture_frames/frame_00080.jpg,"(406.28, 164.46)"
21,81,272,frame_00081,"[405, 169, 14.87, 13.81]",81,1,./data/images/2024_0409_183844_105_food_capture_frames/frame_00081.jpg,"(412.44, 175.9)"
22,82,144,frame_00082,"[412, 170, 14.87, 13.81]",82,1,./data/images/2024_0409_183844_105_food_capture_frames/frame_00082.jpg,"(419.44, 176.9)"
23,83,253,frame_00083,"[413, 171, 14.87, 13.81]",83,1,./data/images/2024_0409_183844_105_food_capture_frames/frame_00083.jpg,"(420.44, 177.9)"
24,84,119,frame_00084,"[406, 185, 15.75, 12.56]",84,1,./data/images/2024_0409_183844_105_food_capture_frames/frame_00084.jpg,"(413.88, 191.28)"
25,85,196,frame_00085,"[405, 188, 15.75, 12.56]",85,1,./data/images/2024_0409_183844_105_food_capture_frames/frame_00085.jpg,"(412.88, 194.28)"
26,86,64,frame_00086,"[406, 190, 15.75, 12.56]",86,1,./data/images/2024_0409_183844_105_food_capture_frames/frame_00086.jpg,"(413.88, 196.28)"
27,87,231,frame_00087,"[407, 192, 15.75, 12.56]",87,1,./data/images/2024_0409_183844_105_food_capture_frames/frame_00087.jpg,"(414.88, 198.28)"
28,88,120,frame_00088,"[412, 196, 15.75, 12.56]",88,1,./data/images/2024_0409_183844_105_food_capture_frames/frame_00088.jpg,"(419.88, 202.28)"
29,89,182,frame_00089,"[414, 199, 15.75, 12.56]",89,1,./data/images/2024_0409_183844_105_food_capture_frames/frame_00089.jpg,"(421.88, 205.28)"
30,90,72,frame_00090,"[414, 199, 15.75, 12.56]",90,1,./data/images/2024_0409_183844_105_food_capture_frames/frame_00090.jpg,"(421.88, 205.28)"
31,91,242,frame_00091,"[417, 201, 15.75, 12.56]",91,1,./data/images/2024_0409_183844_105_food_capture_frames/frame_00091.jpg,"(424.88, 207.28)"
32,92,51,frame_00092,"[419, 199, 15.75, 12.56]",92,1,./data/images/2024_0409_183844_105_food_capture_frames/frame_00092.jpg,"(426.88, 205.28)"
33,93,133,frame_00093,"[422, 201, 15.75, 12.56]",93,1,./data/images/2024_0409_183844_105_food_capture_frames/frame_00093.jpg,"(429.88, 207.28)"
34,94,269,frame_00094,"[425, 202, 15.75, 12.56]",94,1,./data/images/2024_0409_183844_105_food_capture_frames/frame_00094.jpg,"(432.88, 208.28)"
35,95,214,frame_00095,"[427, 203, 15.75, 12.56]",95,1,./data/images/2024_0409_183844_105_food_capture_frames/frame_00095.jpg,"(434.88, 209.28)"
36,1305,148,frame_01305,"[51, 219, 15.59, 16.94]",1305,2,./data/images/2024_0409_183844_105_food_capture_frames/frame_01305.jpg,"(58.8, 227.47)"
37,1305,148,frame_01305,"[77, 233, 13.08, 15.7]",1305,3,./data/images/2024_0409_183844_105_food_capture_frames/frame_01305.jpg,"(83.54, 240.85)"
38,1306,40,frame_01306,"[56, 222, 15.59, 16.94]",1306,2,./data/images/2024_0409_183844_105_food_capture_frames/frame_01306.jpg,"(63.8, 230.47)"
39,1306,40,frame_01306,"[84, 234, 13.08, 15.7]",1306,3,./data/images/2024_0409_183844_105_food_capture_frames/frame_01306.jpg,"(90.54, 241.85)"
40,1307,45,frame_01307,"[94, 236, 13.08, 15.7]",1307,3,./data/images/2024_0409_183844_105_food_capture_frames/frame_01307.jpg,"(100.54, 243.85)"
41,1307,45,frame_01307,"[66, 223, 15.59, 16.94]",1307,2,./data/images/2024_0409_183844_105_food_capture_frames/frame_01307.jpg,"(73.8, 231.47)"
42,1308,216,frame_01308,"[108, 236, 13.08, 15.7]",1308,3,./data/images/2024_0409_183844_105_food_capture_frames/frame_01308.jpg,"(114.54, 243.85)"
43,1308,216,frame_01308,"[75, 222, 15.59, 16.94]",1308,2,./data/images/2024_0409_183844_105_food_capture_frames/frame_01308.jpg,"(82.8, 230.47)"
44,1309,261,frame_01309,"[118, 235, 13.08, 15.7]",1309,3,./data/images/2024_0409_183844_105_food_capture_frames/frame_01309.jpg,"(124.54, 242.85)"
45,1309,261,frame_01309,"[84, 223, 15.59, 16.94]",1309,2,./data/images/2024_0409_183844_105_food_capture_frames/frame_01309.jpg,"(91.8, 231.47)"
46,1310,176,frame_01310,"[94, 224, 15.59, 16.94]",1310,2,./data/images/2024_0409_183844_105_food_capture_frames/frame_01310.jpg,"(101.8, 232.47)"
47,1310,176,frame_01310,"[131, 235, 13.08, 15.7]",1310,3,./data/images/2024_0409_183844_105_food_capture_frames/frame_01310.jpg,"(137.54, 242.85)"
48,1311,254,frame_01311,"[106, 224, 15.59, 16.94]",1311,2,./data/images/2024_0409_183844_105_food_capture_frames/frame_01311.jpg,"(113.8, 232.47)"
49,1311,254,frame_01311,"[131, 235, 13.08, 15.7]",1311,3,./data/images/2024_0409_183844_105_food_capture_frames/frame_01311.jpg,"(137.54, 242.85)"
50,1312,4,frame_01312,"[117, 226, 15.59, 16.94]",1312,2,./data/images/2024_0409_183844_105_food_capture_frames/frame_01312.jpg,"(124.8, 234.47)"
51,1312,4,frame_01312,"[159, 238, 13.08, 15.7]",1312,3,./data/images/2024_0409_183844_105_food_capture_frames/frame_01312.jpg,"(165.54, 245.85)"
52,1313,128,frame_01313,"[176, 237, 13.08, 15.7]",1313,3,./data/images/2024_0409_183844_105_food_capture_frames/frame_01313.jpg,"(182.54, 244.85)"
53,1313,128,frame_01313,"[129, 227, 15.59, 16.94]",1313,2,./data/images/2024_0409_183844_105_food_capture_frames/frame_01313.jpg,"(136.8, 235.47)"
54,1314,191,frame_01314,"[194, 236, 13.08, 15.7]",1314,3,./data/images/2024_0409_183844_105_food_capture_frames/frame_01314.jpg,"(200.54, 243.85)"
55,1314,191,frame_01314,"[139, 227, 15.59, 16.94]",1314,2,./data/images/2024_0409_183844_105_food_capture_frames/frame_01314.jpg,"(146.8, 235.47)"
56,1315,26,frame_01315,"[156, 227, 15.59, 16.94]",1315,2,./data/images/2024_0409_183844_105_food_capture_frames/frame_01315.jpg,"(163.8, 235.47)"
57,1315,26,frame_01315,"[214, 234, 13.08, 15.7]",1315,3,./data/images/2024_0409_183844_105_food_capture_frames/frame_01315.jpg,"(220.54, 241.85)"
58,1316,124,frame_01316,"[171, 228, 15.59, 16.94]",1316,2,./data/images/2024_0409_183844_105_food_capture_frames/frame_01316.jpg,"(178.8, 236.47)"
59,1316,124,frame_01316,"[234, 232, 13.08, 15.7]",1316,3,./data/images/2024_0409_183844_105_food_capture_frames/frame_01316.jpg,"(240.54, 239.85)"
60,1317,41,frame_01317,"[187, 228, 15.59, 16.94]",1317,2,./data/images/2024_0409_183844_105_food_capture_frames/frame_01317.jpg,"(194.8, 236.47)"
61,1317,41,frame_01317,"[261, 230, 13.08, 15.7]",1317,3,./data/images/2024_0409_183844_105_food_capture_frames/frame_01317.jpg,"(267.54, 237.85)"
62,1318,74,frame_01318,"[292, 224, 13.08, 15.7]",1318,3,./data/images/2024_0409_183844_105_food_capture_frames/frame_01318.jpg,"(298.54, 231.85)"
63,1318,74,frame_01318,"[204, 227, 15.59, 16.94]",1318,2,./data/images/2024_0409_183844_105_food_capture_frames/frame_01318.jpg,"(211.8, 235.47)"
64,1319,103,frame_01319,"[324, 211, 13.08, 15.7]",1319,3,./data/images/2024_0409_183844_105_food_capture_frames/frame_01319.jpg,"(330.54, 218.85)"
65,1319,103,frame_01319,"[224, 224, 15.59, 16.94]",1319,2,./data/images/2024_0409_183844_105_food_capture_frames/frame_01319.jpg,"(231.8, 232.47)"
66,1320,89,frame_01320,"[249, 221, 15.59, 16.94]",1320,2,./data/images/2024_0409_183844_105_food_capture_frames/frame_01320.jpg,"(256.79, 229.47)"
67,1320,89,frame_01320,"[359, 187, 13.08, 15.7]",1320,3,./data/images/2024_0409_183844_105_food_capture_frames/frame_01320.jpg,"(365.54, 194.85)"
68,1321,219,frame_01321,"[275, 217, 15.59, 16.94]",1321,2,./data/images/2024_0409_183844_105_food_capture_frames/frame_01321.jpg,"(282.79, 225.47)"
69,1321,219,frame_01321,"[393, 186, 13.08, 15.7]",1321,3,./data/images/2024_0409_183844_105_food_capture_frames/frame_01321.jpg,"(399.54, 193.85)"
70,1322,122,frame_01322,"[304, 203, 15.59, 16.94]",1322,2,./data/images/2024_0409_183844_105_food_capture_frames/frame_01322.jpg,"(311.79, 211.47)"
71,1322,122,frame_01322,"[387, 196, 13.08, 15.7]",1322,3,./data/images/2024_0409_183844_105_food_capture_frames/frame_01322.jpg,"(393.54, 203.85)"
72,1323,3,frame_01323,"[379, 196, 13.08, 15.7]",1323,3,./data/images/2024_0409_183844_105_food_capture_frames/frame_01323.jpg,"(385.54, 203.85)"
73,1323,3,frame_01323,"[324, 171, 15.59, 16.94]",1323,2,./data/images/2024_0409_183844_105_food_capture_frames/frame_01323.jpg,"(331.79, 179.47)"
74,1324,99,frame_01324,"[376, 195, 13.08, 15.7]",1324,3,./data/images/2024_0409_183844_105_food_capture_frames/frame_01324.jpg,"(382.54, 202.85)"
75,1324,99,frame_01324,"[379, 161, 15.59, 16.94]",1324,2,./data/images/2024_0409_183844_105_food_capture_frames/frame_01324.jpg,"(386.79, 169.47)"
76,1325,59,frame_01325,"[387, 180, 13.72, 13.81]",1325,2,./data/images/2024_0409_183844_105_food_capture_frames/frame_01325.jpg,"(393.86, 186.9)"
77,1325,59,frame_01325,"[376, 195, 13.08, 15.7]",1325,3,./data/images/2024_0409_183844_105_food_capture_frames/frame_01325.jpg,"(382.54, 202.85)"
78,1326,27,frame_01326,"[376, 197, 11.83, 13.82]",1326,3,./data/images/2024_0409_183844_105_food_capture_frames/frame_01326.jpg,"(381.92, 203.91)"
79,1326,27,frame_01326,"[379, 183, 11.85, 11.31]",1326,2,./data/images/2024_0409_183844_105_food_capture_frames/frame_01326.jpg,"(384.92, 188.66)"
80,1327,156,frame_01327,"[372, 187, 10.6, 9.43]",1327,2,./data/images/2024_0409_183844_105_food_capture_frames/frame_01327.jpg,"(377.3, 191.72)"
81,1327,156,frame_01327,"[378, 198, 10.58, 10.07]",1327,3,./data/images/2024_0409_183844_105_food_capture_frames/frame_01327.jpg,"(383.29, 203.04)"
82,1328,204,frame_01328,"[371, 191, 10.6, 9.43]",1328,2,./data/images/2024_0409_183844_105_food_capture_frames/frame_01328.jpg,"(376.3, 195.72)"
83,1328,204,frame_01328,"[375, 197, 10.58, 10.07]",1328,3,./data/images/2024_0409_183844_105_food_capture_frames/frame_01328.jpg,"(380.29, 202.04)"
84,1329,203,frame_01329,"[375, 197, 10.58, 10.07]",1329,3,./data/images/2024_0409_183844_105_food_capture_frames/frame_01329.jpg,"(380.29, 202.04)"
85,1329,203,frame_01329,"[371, 191, 10.6, 9.43]",1329,2,./data/images/2024_0409_183844_105_food_capture_frames/frame_01329.jpg,"(376.3, 195.72)"
86,1330,221,frame_01330,"[375, 197, 10.58, 10.07]",1330,3,./data/images/2024_0409_183844_105_food_capture_frames/frame_01330.jpg,"(380.29, 202.04)"
87,1330,221,frame_01330,"[371, 191, 10.6, 9.43]",1330,2,./data/images/2024_0409_183844_105_food_capture_frames/frame_01330.jpg,"(376.3, 195.72)"
88,1331,126,frame_01331,"[375, 197, 10.58, 10.07]",1331,2,./data/images/2024_0409_183844_105_food_capture_frames/frame_01331.jpg,"(380.29, 202.04)"
89,1331,126,frame_01331,"[371, 191, 10.6, 9.43]",1331,3,./data/images/2024_0409_183844_105_food_capture_frames/frame_01331.jpg,"(376.3, 195.72)"
90,1332,187,frame_01332,"[375, 197, 10.58, 10.07]",1332,2,./data/images/2024_0409_183844_105_food_capture_frames/frame_01332.jpg,"(380.29, 202.04)"
91,1332,187,frame_01332,"[371, 191, 10.6, 9.43]",1332,3,./data/images/2024_0409_183844_105_food_capture_frames/frame_01332.jpg,"(376.3, 195.72)"
92,1333,190,frame_01333,"[375, 197, 10.58, 10.07]",1333,2,./data/images/2024_0409_183844_105_food_capture_frames/frame_01333.jpg,"(380.29, 202.04)"
93,1333,190,frame_01333,"[368, 196, 10.6, 9.43]",1333,3,./data/images/2024_0409_183844_105_food_capture_frames/frame_01333.jpg,"(373.3, 200.72)"
94,1334,28,frame_01334,"[376, 201, 10.58, 10.07]",1334,2,./data/images/2024_0409_183844_105_food_capture_frames/frame_01334.jpg,"(381.29, 206.04)"
95,1334,28,frame_01334,"[368, 196, 10.6, 9.43]",1334,3,./data/images/2024_0409_183844_105_food_capture_frames/frame_01334.jpg,"(373.3, 200.72)"
96,1335,131,frame_01335,"[368, 196, 10.6, 9.43]",1335,3,./data/images/2024_0409_183844_105_food_capture_frames/frame_01335.jpg,"(373.3, 200.72)"
97,1335,131,frame_01335,"[376, 201, 10.58, 10.07]",1335,2,./data/images/2024_0409_183844_105_food_capture_frames/frame_01335.jpg,"(381.29, 206.04)"
98,1336,88,frame_01336,"[368, 196, 10.6, 9.43]",1336,3,./data/images/2024_0409_183844_105_food_capture_frames/frame_01336.jpg,"(373.3, 200.72)"
99,1336,88,frame_01336,"[376, 201, 10.58, 10.07]",1336,2,./data/images/2024_0409_183844_105_food_capture_frames/frame_01336.jpg,"(381.29, 206.04)"
100,1337,183,frame_01337,"[371, 199, 10.6, 9.43]",1337,3,./data/images/2024_0409_183844_105_food_capture_frames/frame_01337.jpg,"(376.3, 203.72)"
101,1337,183,frame_01337,"[379, 204, 10.58, 10.07]",1337,2,./data/images/2024_0409_183844_105_food_capture_frames/frame_01337.jpg,"(384.29, 209.04)"
102,1338,268,frame_01338,"[375, 204, 10.6, 9.43]",1338,3,./data/images/2024_0409_183844_105_food_capture_frames/frame_01338.jpg,"(380.3, 208.72)"
103,1338,268,frame_01338,"[382, 211, 10.58, 10.07]",1338,2,./data/images/2024_0409_183844_105_food_capture_frames/frame_01338.jpg,"(387.29, 216.04)"
104,1339,179,frame_01339,"[384, 216, 10.58, 10.07]",1339,2,./data/images/2024_0409_183844_105_food_capture_frames/frame_01339.jpg,"(389.29, 221.04)"
105,1339,179,frame_01339,"[377, 206, 10.6, 9.43]",1339,3,./data/images/2024_0409_183844_105_food_capture_frames/frame_01339.jpg,"(382.3, 210.72)"
106,1340,139,frame_01340,"[381, 211, 10.6, 9.43]",1340,3,./data/images/2024_0409_183844_105_food_capture_frames/frame_01340.jpg,"(386.3, 215.72)"
107,1340,139,frame_01340,"[389, 221, 10.58, 10.07]",1340,2,./data/images/2024_0409_183844_105_food_capture_frames/frame_01340.jpg,"(394.29, 226.04)"
108,1341,23,frame_01341,"[390, 225, 10.58, 10.07]",1341,2,./data/images/2024_0409_183844_105_food_capture_frames/frame_01341.jpg,"(395.29, 230.04)"
109,1341,23,frame_01341,"[382, 216, 10.6, 9.43]",1341,3,./data/images/2024_0409_183844_105_food_capture_frames/frame_01341.jpg,"(387.3, 220.72)"
110,1342,195,frame_01342,"[385, 218, 10.6, 9.43]",1342,3,./data/images/2024_0409_183844_105_food_capture_frames/frame_01342.jpg,"(390.3, 222.72)"
111,1342,195,frame_01342,"[388, 231, 10.58, 10.07]",1342,2,./data/images/2024_0409_183844_105_food_capture_frames/frame_01342.jpg,"(393.29, 236.04)"
112,1343,93,frame_01343,"[391, 236, 10.58, 10.07]",1343,2,./data/images/2024_0409_183844_105_food_capture_frames/frame_01343.jpg,"(396.29, 241.04)"
113,1343,93,frame_01343,"[381, 225, 10.6, 9.43]",1343,3,./data/images/2024_0409_183844_105_food_capture_frames/frame_01343.jpg,"(386.3, 229.72)"
114,1344,42,frame_01344,"[381, 225, 10.6, 9.43]",1344,3,./data/images/2024_0409_183844_105_food_capture_frames/frame_01344.jpg,"(386.3, 229.72)"
115,1344,42,frame_01344,"[391, 236, 10.58, 10.07]",1344,2,./data/images/2024_0409_183844_105_food_capture_frames/frame_01344.jpg,"(396.29, 241.04)"
116,1345,276,frame_01345,"[382, 227, 10.6, 9.43]",1345,3,./data/images/2024_0409_183844_105_food_capture_frames/frame_01345.jpg,"(387.3, 231.72)"
117,1345,276,frame_01345,"[391, 239, 10.58, 10.07]",1345,2,./data/images/2024_0409_183844_105_food_capture_frames/frame_01345.jpg,"(396.29, 244.04)"
118,1346,180,frame_01346,"[391, 239, 10.58, 10.07]",1346,2,./data/images/2024_0409_183844_105_food_capture_frames/frame_01346.jpg,"(396.29, 244.04)"
119,1346,180,frame_01346,"[382, 227, 10.6, 9.43]",1346,3,./data/images/2024_0409_183844_105_food_capture_frames/frame_01346.jpg,"(387.3, 231.72)"
120,1347,10,frame_01347,"[391, 239, 10.58, 10.07]",1347,2,./data/images/2024_0409_183844_105_food_capture_frames/frame_01347.jpg,"(396.29, 244.04)"
121,1347,10,frame_01347,"[380, 232, 10.6, 9.43]",1347,3,./data/images/2024_0409_183844_105_food_capture_frames/frame_01347.jpg,"(385.3, 236.72)"
122,1348,54,frame_01348,"[380, 232, 10.6, 9.43]",1348,3,./data/images/2024_0409_183844_105_food_capture_frames/frame_01348.jpg,"(385.3, 236.72)"
123,1348,54,frame_01348,"[392, 236, 10.58, 10.07]",1348,2,./data/images/2024_0409_183844_105_food_capture_frames/frame_01348.jpg,"(397.29, 241.04)"
124,1349,154,frame_01349,"[397, 233, 10.58, 10.07]",1349,2,./data/images/2024_0409_183844_105_food_capture_frames/frame_01349.jpg,"(402.29, 238.04)"
125,1349,154,frame_01349,"[384, 235, 10.6, 9.43]",1349,3,./data/images/2024_0409_183844_105_food_capture_frames/frame_01349.jpg,"(389.3, 239.72)"
126,1553,178,frame_01553,"[72, 359, 24.55, 20.89]",1553,4,./data/images/2024_0409_183844_105_food_capture_frames/frame_01553.jpg,"(84.28, 369.44)"
127,1553,178,frame_01553,"[118, 306, 17.61, 22.42]",1553,5,./data/images/2024_0409_183844_105_food_capture_frames/frame_01553.jpg,"(126.8, 317.21)"
128,1554,134,frame_01554,"[129, 304, 17.61, 22.42]",1554,5,./data/images/2024_0409_183844_105_food_capture_frames/frame_01554.jpg,"(137.8, 315.21)"
129,1554,134,frame_01554,"[92, 351, 24.55, 20.89]",1554,4,./data/images/2024_0409_183844_105_food_capture_frames/frame_01554.jpg,"(104.28, 361.44)"
130,1555,181,frame_01555,"[104, 345, 24.55, 20.89]",1555,4,./data/images/2024_0409_183844_105_food_capture_frames/frame_01555.jpg,"(116.28, 355.44)"
131,1555,181,frame_01555,"[143, 302, 17.61, 22.42]",1555,5,./data/images/2024_0409_183844_105_food_capture_frames/frame_01555.jpg,"(151.8, 313.21)"
132,1556,213,frame_01556,"[109, 342, 24.55, 20.89]",1556,4,./data/images/2024_0409_183844_105_food_capture_frames/frame_01556.jpg,"(121.28, 352.44)"
133,1556,213,frame_01556,"[159, 298, 17.61, 22.42]",1556,5,./data/images/2024_0409_183844_105_food_capture_frames/frame_01556.jpg,"(167.8, 309.21)"
134,1557,143,frame_01557,"[121, 342, 24.55, 20.89]",1557,4,./data/images/2024_0409_183844_105_food_capture_frames/frame_01557.jpg,"(133.28, 352.44)"
135,1557,143,frame_01557,"[175, 294, 17.61, 22.42]",1557,5,./data/images/2024_0409_183844_105_food_capture_frames/frame_01557.jpg,"(183.8, 305.21)"
136,1558,258,frame_01558,"[189, 291, 17.61, 22.42]",1558,5,./data/images/2024_0409_183844_105_food_capture_frames/frame_01558.jpg,"(197.8, 302.21)"
137,1558,258,frame_01558,"[129, 338, 24.55, 20.89]",1558,4,./data/images/2024_0409_183844_105_food_capture_frames/frame_01558.jpg,"(141.28, 348.44)"
138,1559,80,frame_01559,"[207, 287, 17.61, 22.42]",1559,5,./data/images/2024_0409_183844_105_food_capture_frames/frame_01559.jpg,"(215.8, 298.21)"
139,1559,80,frame_01559,"[138, 335, 24.55, 20.89]",1559,4,./data/images/2024_0409_183844_105_food_capture_frames/frame_01559.jpg,"(150.28, 345.44)"
140,1560,271,frame_01560,"[149, 332, 24.55, 20.89]",1560,4,./data/images/2024_0409_183844_105_food_capture_frames/frame_01560.jpg,"(161.28, 342.44)"
141,1560,271,frame_01560,"[222, 283, 17.61, 22.42]",1560,5,./data/images/2024_0409_183844_105_food_capture_frames/frame_01560.jpg,"(230.8, 294.21)"
142,1561,263,frame_01561,"[241, 279, 19.15, 19.34]",1561,5,./data/images/2024_0409_183844_105_food_capture_frames/frame_01561.jpg,"(250.58, 288.67)"
143,1561,263,frame_01561,"[162, 327, 24.55, 20.89]",1561,4,./data/images/2024_0409_183844_105_food_capture_frames/frame_01561.jpg,"(174.28, 337.44)"
144,1562,109,frame_01562,"[172, 324, 24.55, 20.89]",1562,4,./data/images/2024_0409_183844_105_food_capture_frames/frame_01562.jpg,"(184.28, 334.44)"
145,1562,109,frame_01562,"[262, 274, 19.15, 19.34]",1562,5,./data/images/2024_0409_183844_105_food_capture_frames/frame_01562.jpg,"(271.58, 283.67)"
146,1563,97,frame_01563,"[189, 319, 24.55, 20.89]",1563,4,./data/images/2024_0409_183844_105_food_capture_frames/frame_01563.jpg,"(201.28, 329.44)"
147,1563,97,frame_01563,"[282, 271, 19.15, 19.34]",1563,5,./data/images/2024_0409_183844_105_food_capture_frames/frame_01563.jpg,"(291.58, 280.67)"
148,1564,96,frame_01564,"[202, 315, 24.55, 20.89]",1564,4,./data/images/2024_0409_183844_105_food_capture_frames/frame_01564.jpg,"(214.28, 325.44)"
149,1564,96,frame_01564,"[304, 268, 19.15, 19.34]",1564,5,./data/images/2024_0409_183844_105_food_capture_frames/frame_01564.jpg,"(313.58, 277.67)"
150,1565,13,frame_01565,"[325, 265, 19.15, 19.34]",1565,5,./data/images/2024_0409_183844_105_food_capture_frames/frame_01565.jpg,"(334.58, 274.67)"
151,1565,13,frame_01565,"[219, 311, 24.55, 20.89]",1565,4,./data/images/2024_0409_183844_105_food_capture_frames/frame_01565.jpg,"(231.28, 321.44)"
152,1566,188,frame_01566,"[342, 260, 19.15, 19.34]",1566,5,./data/images/2024_0409_183844_105_food_capture_frames/frame_01566.jpg,"(351.58, 269.67)"
153,1566,188,frame_01566,"[238, 305, 24.55, 20.89]",1566,4,./data/images/2024_0409_183844_105_food_capture_frames/frame_01566.jpg,"(250.28, 315.44)"
154,1567,22,frame_01567,"[348, 252, 19.15, 19.34]",1567,5,./data/images/2024_0409_183844_105_food_capture_frames/frame_01567.jpg,"(357.58, 261.67)"
155,1567,22,frame_01567,"[253, 303, 24.55, 20.89]",1567,4,./data/images/2024_0409_183844_105_food_capture_frames/frame_01567.jpg,"(265.27, 313.44)"
156,1568,262,frame_01568,"[280, 298, 24.55, 20.89]",1568,4,./data/images/2024_0409_183844_105_food_capture_frames/frame_01568.jpg,"(292.27, 308.44)"
157,1568,262,frame_01568,"[353, 245, 19.15, 19.34]",1568,5,./data/images/2024_0409_183844_105_food_capture_frames/frame_01568.jpg,"(362.58, 254.67)"
158,1569,264,frame_01569,"[359, 249, 19.15, 19.34]",1569,5,./data/images/2024_0409_183844_105_food_capture_frames/frame_01569.jpg,"(368.58, 258.67)"
159,1569,264,frame_01569,"[305, 302, 24.55, 20.89]",1569,4,./data/images/2024_0409_183844_105_food_capture_frames/frame_01569.jpg,"(317.27, 312.44)"
160,1570,2,frame_01570,"[349, 315, 22.24, 17.81]",1570,4,./data/images/2024_0409_183844_105_food_capture_frames/frame_01570.jpg,"(360.12, 323.9)"
161,1570,2,frame_01570,"[370, 248, 19.15, 19.34]",1570,5,./data/images/2024_0409_183844_105_food_capture_frames/frame_01570.jpg,"(379.58, 257.67)"
162,1571,107,frame_01571,"[380, 250, 19.15, 19.34]",1571,5,./data/images/2024_0409_183844_105_food_capture_frames/frame_01571.jpg,"(389.58, 259.67)"
163,1571,107,frame_01571,"[392, 322, 22.24, 17.81]",1571,4,./data/images/2024_0409_183844_105_food_capture_frames/frame_01571.jpg,"(403.12, 330.9)"
164,1572,60,frame_01572,"[382, 258, 19.15, 19.34]",1572,5,./data/images/2024_0409_183844_105_food_capture_frames/frame_01572.jpg,"(391.58, 267.67)"
165,1572,60,frame_01572,"[412, 311, 22.24, 17.81]",1572,4,./data/images/2024_0409_183844_105_food_capture_frames/frame_01572.jpg,"(423.12, 319.9)"
166,1573,34,frame_01573,"[383, 254, 19.15, 19.34]",1573,5,./data/images/2024_0409_183844_105_food_capture_frames/frame_01573.jpg,"(392.58, 263.67)"
167,1573,34,frame_01573,"[415, 299, 22.24, 17.81]",1573,4,./data/images/2024_0409_183844_105_food_capture_frames/frame_01573.jpg,"(426.12, 307.9)"
168,1574,211,frame_01574,"[412, 296, 22.24, 17.81]",1574,4,./data/images/2024_0409_183844_105_food_capture_frames/frame_01574.jpg,"(423.12, 304.9)"
169,1574,211,frame_01574,"[382, 257, 19.15, 19.34]",1574,5,./data/images/2024_0409_183844_105_food_capture_frames/frame_01574.jpg,"(391.58, 266.67)"
170,1575,142,frame_01575,"[412, 296, 16.86, 14.73]",1575,4,./data/images/2024_0409_183844_105_food_capture_frames/frame_01575.jpg,"(420.43, 303.36)"
171,1575,142,frame_01575,"[382, 257, 19.15, 19.34]",1575,5,./data/images/2024_0409_183844_105_food_capture_frames/frame_01575.jpg,"(391.58, 266.67)"
172,1576,247,frame_01576,"[382, 257, 19.15, 19.34]",1576,5,./data/images/2024_0409_183844_105_food_capture_frames/frame_01576.jpg,"(391.58, 266.67)"
173,1576,247,frame_01576,"[405, 296, 16.86, 14.73]",1576,4,./data/images/2024_0409_183844_105_food_capture_frames/frame_01576.jpg,"(413.43, 303.36)"
174,1577,36,frame_01577,"[389, 260, 14.54, 17.03]",1577,5,./data/images/2024_0409_183844_105_food_capture_frames/frame_01577.jpg,"(396.27, 268.52)"
175,1577,36,frame_01577,"[396, 298, 16.86, 14.73]",1577,4,./data/images/2024_0409_183844_105_food_capture_frames/frame_01577.jpg,"(404.43, 305.36)"
176,1578,75,frame_01578,"[393, 299, 16.86, 14.73]",1578,4,./data/images/2024_0409_183844_105_food_capture_frames/frame_01578.jpg,"(401.43, 306.36)"
177,1578,75,frame_01578,"[390, 263, 14.54, 17.03]",1578,5,./data/images/2024_0409_183844_105_food_capture_frames/frame_01578.jpg,"(397.27, 271.52)"
178,1579,81,frame_01579,"[391, 265, 14.54, 17.03]",1579,5,./data/images/2024_0409_183844_105_food_capture_frames/frame_01579.jpg,"(398.27, 273.52)"
179,1579,81,frame_01579,"[392, 296, 16.86, 14.73]",1579,4,./data/images/2024_0409_183844_105_food_capture_frames/frame_01579.jpg,"(400.43, 303.36)"
180,1580,274,frame_01580,"[391, 268, 14.54, 17.03]",1580,5,./data/images/2024_0409_183844_105_food_capture_frames/frame_01580.jpg,"(398.27, 276.52)"
181,1580,274,frame_01580,"[392, 295, 16.86, 14.73]",1580,4,./data/images/2024_0409_183844_105_food_capture_frames/frame_01580.jpg,"(400.43, 302.36)"
182,1581,15,frame_01581,"[390, 293, 16.86, 14.73]",1581,4,./data/images/2024_0409_183844_105_food_capture_frames/frame_01581.jpg,"(398.43, 300.36)"
183,1581,15,frame_01581,"[392, 272, 14.54, 17.03]",1581,5,./data/images/2024_0409_183844_105_food_capture_frames/frame_01581.jpg,"(399.27, 280.52)"
184,1582,136,frame_01582,"[390, 292, 16.09, 11.65]",1582,4,./data/images/2024_0409_183844_105_food_capture_frames/frame_01582.jpg,"(398.04, 297.82)"
185,1582,136,frame_01582,"[392, 277, 13, 12.41]",1582,5,./data/images/2024_0409_183844_105_food_capture_frames/frame_01582.jpg,"(398.5, 283.21)"
186,1583,166,frame_01583,"[392, 277, 13, 12.41]",1583,5,./data/images/2024_0409_183844_105_food_capture_frames/frame_01583.jpg,"(398.5, 283.21)"
187,1583,166,frame_01583,"[390, 289, 16.09, 11.65]",1583,4,./data/images/2024_0409_183844_105_food_capture_frames/frame_01583.jpg,"(398.04, 294.82)"
188,1584,212,frame_01584,"[393, 285, 13, 12.41]",1584,5,./data/images/2024_0409_183844_105_food_capture_frames/frame_01584.jpg,"(399.5, 291.21)"
189,1584,212,frame_01584,"[385, 284, 16.09, 11.65]",1584,4,./data/images/2024_0409_183844_105_food_capture_frames/frame_01584.jpg,"(393.04, 289.82)"
190,1585,92,frame_01585,"[393, 285, 13, 12.41]",1585,5,./data/images/2024_0409_183844_105_food_capture_frames/frame_01585.jpg,"(399.5, 291.21)"
191,1585,92,frame_01585,"[380, 276, 16.09, 11.65]",1585,4,./data/images/2024_0409_183844_105_food_capture_frames/frame_01585.jpg,"(388.04, 281.82)"
192,1586,230,frame_01586,"[392, 287, 13, 12.41]",1586,5,./data/images/2024_0409_183844_105_food_capture_frames/frame_01586.jpg,"(398.5, 293.21)"
193,1586,230,frame_01586,"[388, 270, 16.09, 11.65]",1586,4,./data/images/2024_0409_183844_105_food_capture_frames/frame_01586.jpg,"(396.04, 275.82)"
194,1587,137,frame_01587,"[388, 268, 16.09, 11.65]",1587,4,./data/images/2024_0409_183844_105_food_capture_frames/frame_01587.jpg,"(396.04, 273.82)"
195,1587,137,frame_01587,"[393, 289, 13, 12.41]",1587,5,./data/images/2024_0409_183844_105_food_capture_frames/frame_01587.jpg,"(399.5, 295.21)"
196,1588,251,frame_01588,"[393, 289, 13, 12.41]",1588,5,./data/images/2024_0409_183844_105_food_capture_frames/frame_01588.jpg,"(399.5, 295.21)"
197,1588,251,frame_01588,"[387, 265, 16.09, 11.65]",1588,4,./data/images/2024_0409_183844_105_food_capture_frames/frame_01588.jpg,"(395.04, 270.82)"
198,1589,130,frame_01589,"[392, 292, 13, 12.41]",1589,5,./data/images/2024_0409_183844_105_food_capture_frames/frame_01589.jpg,"(398.5, 298.21)"
199,1589,130,frame_01589,"[390, 260, 16.09, 11.65]",1589,4,./data/images/2024_0409_183844_105_food_capture_frames/frame_01589.jpg,"(398.04, 265.82)"
200,1590,56,frame_01590,"[392, 292, 13, 12.41]",1590,5,./data/images/2024_0409_183844_105_food_capture_frames/frame_01590.jpg,"(398.5, 298.21)"
201,1590,56,frame_01590,"[394, 253, 16.09, 11.65]",1590,4,./data/images/2024_0409_183844_105_food_capture_frames/frame_01590.jpg,"(402.04, 258.82)"
202,1591,155,frame_01591,"[392, 292, 13, 12.41]",1591,5,./data/images/2024_0409_183844_105_food_capture_frames/frame_01591.jpg,"(398.5, 298.21)"
203,1591,155,frame_01591,"[395, 252, 16.09, 11.65]",1591,4,./data/images/2024_0409_183844_105_food_capture_frames/frame_01591.jpg,"(403.04, 257.82)"
204,1592,1,frame_01592,"[394, 294, 13, 12.41]",1592,5,./data/images/2024_0409_183844_105_food_capture_frames/frame_01592.jpg,"(400.5, 300.21)"
205,1593,21,frame_01593,"[394, 294, 13, 12.41]",1593,5,./data/images/2024_0409_183844_105_food_capture_frames/frame_01593.jpg,"(400.5, 300.21)"
206,1594,228,frame_01594,"[392, 294, 13, 12.41]",1594,5,./data/images/2024_0409_183844_105_food_capture_frames/frame_01594.jpg,"(398.5, 300.21)"
207,1595,110,frame_01595,"[392, 294, 13, 12.41]",1595,5,./data/images/2024_0409_183844_105_food_capture_frames/frame_01595.jpg,"(398.5, 300.21)"
208,1596,149,frame_01596,"[390, 291, 13, 12.41]",1596,5,./data/images/2024_0409_183844_105_food_capture_frames/frame_01596.jpg,"(396.5, 297.21)"
209,1597,185,frame_01597,"[391, 289, 13, 12.41]",1597,5,./data/images/2024_0409_183844_105_food_capture_frames/frame_01597.jpg,"(397.5, 295.21)"
210,1598,121,frame_01598,"[391, 289, 13, 12.41]",1598,5,./data/images/2024_0409_183844_105_food_capture_frames/frame_01598.jpg,"(397.5, 295.21)"
211,1599,163,frame_01599,"[391, 287, 13, 12.41]",1599,5,./data/images/2024_0409_183844_105_food_capture_frames/frame_01599.jpg,"(397.5, 293.21)"
212,1600,25,frame_01600,"[391, 285, 13, 12.41]",1600,5,./data/images/2024_0409_183844_105_food_capture_frames/frame_01600.jpg,"(397.5, 291.21)"
213,1601,77,frame_01601,"[392, 282, 13, 12.41]",1601,5,./data/images/2024_0409_183844_105_food_capture_frames/frame_01601.jpg,"(398.5, 288.21)"
214,1602,145,frame_01602,"[392, 278, 13, 12.41]",1602,5,./data/images/2024_0409_183844_105_food_capture_frames/frame_01602.jpg,"(398.5, 284.21)"
215,1603,113,frame_01603,"[392, 273, 13, 12.41]",1603,5,./data/images/2024_0409_183844_105_food_capture_frames/frame_01603.jpg,"(398.5, 279.21)"
216,1604,91,frame_01604,"[395, 269, 13, 12.41]",1604,5,./data/images/2024_0409_183844_105_food_capture_frames/frame_01604.jpg,"(401.5, 275.21)"
217,1605,226,frame_01605,"[398, 265, 13, 12.41]",1605,5,./data/images/2024_0409_183844_105_food_capture_frames/frame_01605.jpg,"(404.5, 271.21)"
218,1606,17,frame_01606,"[402, 260, 13, 12.41]",1606,5,./data/images/2024_0409_183844_105_food_capture_frames/frame_01606.jpg,"(408.5, 266.21)"
219,1607,168,frame_01607,"[402, 255, 13, 12.41]",1607,5,./data/images/2024_0409_183844_105_food_capture_frames/frame_01607.jpg,"(408.5, 261.21)"
220,1608,50,frame_01608,"[406, 254, 13, 12.41]",1608,5,./data/images/2024_0409_183844_105_food_capture_frames/frame_01608.jpg,"(412.5, 260.21)"
221,1609,94,frame_01609,"[411, 248, 13, 12.41]",1609,5,./data/images/2024_0409_183844_105_food_capture_frames/frame_01609.jpg,"(417.5, 254.2)"
222,1610,147,frame_01610,"[415, 245, 13, 12.41]",1610,5,./data/images/2024_0409_183844_105_food_capture_frames/frame_01610.jpg,"(421.5, 251.2)"
223,1611,48,frame_01611,"[420, 244, 13, 12.41]",1611,5,./data/images/2024_0409_183844_105_food_capture_frames/frame_01611.jpg,"(426.5, 250.2)"
224,1737,90,frame_01737,"[84, 199, 18.39, 18.55]",1737,9,./data/images/2024_0409_183844_105_food_capture_frames/frame_01737.jpg,"(93.2, 208.28)"
225,1738,165,frame_01738,"[94, 201, 18.39, 18.55]",1738,9,./data/images/2024_0409_183844_105_food_capture_frames/frame_01738.jpg,"(103.2, 210.28)"
226,1739,18,frame_01739,"[105, 202, 18.39, 18.55]",1739,9,./data/images/2024_0409_183844_105_food_capture_frames/frame_01739.jpg,"(114.2, 211.28)"
227,1740,57,frame_01740,"[119, 203, 18.39, 18.55]",1740,9,./data/images/2024_0409_183844_105_food_capture_frames/frame_01740.jpg,"(128.2, 212.28)"
228,1741,114,frame_01741,"[130, 203, 18.39, 18.55]",1741,9,./data/images/2024_0409_183844_105_food_capture_frames/frame_01741.jpg,"(139.2, 212.28)"
229,1742,232,frame_01742,"[146, 205, 18.39, 18.55]",1742,9,./data/images/2024_0409_183844_105_food_capture_frames/frame_01742.jpg,"(155.2, 214.28)"
230,1743,202,frame_01743,"[162, 206, 18.39, 18.55]",1743,9,./data/images/2024_0409_183844_105_food_capture_frames/frame_01743.jpg,"(171.2, 215.28)"
231,1744,210,frame_01744,"[182, 205, 18.39, 18.55]",1744,9,./data/images/2024_0409_183844_105_food_capture_frames/frame_01744.jpg,"(191.2, 214.28)"
232,1745,197,frame_01745,"[203, 205, 18.39, 18.55]",1745,9,./data/images/2024_0409_183844_105_food_capture_frames/frame_01745.jpg,"(212.2, 214.28)"
233,1746,227,frame_01746,"[225, 205, 18.39, 18.55]",1746,9,./data/images/2024_0409_183844_105_food_capture_frames/frame_01746.jpg,"(234.2, 214.28)"
234,1747,111,frame_01747,"[252, 205, 18.39, 18.55]",1747,9,./data/images/2024_0409_183844_105_food_capture_frames/frame_01747.jpg,"(261.2, 214.28)"
235,1748,108,frame_01748,"[281, 199, 18.39, 18.55]",1748,9,./data/images/2024_0409_183844_105_food_capture_frames/frame_01748.jpg,"(290.2, 208.28)"
236,1749,265,frame_01749,"[308, 182, 18.39, 18.55]",1749,9,./data/images/2024_0409_183844_105_food_capture_frames/frame_01749.jpg,"(317.2, 191.28)"
237,1750,70,frame_01750,"[343, 151, 18.39, 18.55]",1750,9,./data/images/2024_0409_183844_105_food_capture_frames/frame_01750.jpg,"(352.2, 160.28)"
238,1751,69,frame_01751,"[374, 155, 18.39, 18.55]",1751,9,./data/images/2024_0409_183844_105_food_capture_frames/frame_01751.jpg,"(383.2, 164.28)"
239,1752,159,frame_01752,"[378, 162, 18.39, 18.55]",1752,9,./data/images/2024_0409_183844_105_food_capture_frames/frame_01752.jpg,"(387.2, 171.28)"
240,1753,151,frame_01753,"[375, 166, 18.39, 18.55]",1753,9,./data/images/2024_0409_183844_105_food_capture_frames/frame_01753.jpg,"(384.2, 175.28)"
241,1754,224,frame_01754,"[368, 168, 18.39, 18.55]",1754,9,./data/images/2024_0409_183844_105_food_capture_frames/frame_01754.jpg,"(377.2, 177.28)"
242,1755,259,frame_01755,"[365, 169, 18.39, 18.55]",1755,9,./data/images/2024_0409_183844_105_food_capture_frames/frame_01755.jpg,"(374.2, 178.28)"
243,1756,7,frame_01756,"[365, 172, 18.39, 18.55]",1756,9,./data/images/2024_0409_183844_105_food_capture_frames/frame_01756.jpg,"(374.2, 181.28)"
244,1757,164,frame_01757,"[368, 172, 18.39, 18.55]",1757,9,./data/images/2024_0409_183844_105_food_capture_frames/frame_01757.jpg,"(377.2, 181.28)"
245,1758,9,frame_01758,"[368, 175, 18.39, 18.55]",1758,9,./data/images/2024_0409_183844_105_food_capture_frames/frame_01758.jpg,"(377.2, 184.28)"
246,1759,140,frame_01759,"[367, 178, 18.39, 18.55]",1759,9,./data/images/2024_0409_183844_105_food_capture_frames/frame_01759.jpg,"(376.2, 187.28)"
247,1760,275,frame_01760,"[369, 182, 18.39, 18.55]",1760,9,./data/images/2024_0409_183844_105_food_capture_frames/frame_01760.jpg,"(378.2, 191.28)"
248,1761,46,frame_01761,"[368, 182, 18.39, 18.55]",1761,9,./data/images/2024_0409_183844_105_food_capture_frames/frame_01761.jpg,"(377.2, 191.28)"
249,1762,167,frame_01762,"[374, 189, 18.39, 18.55]",1762,9,./data/images/2024_0409_183844_105_food_capture_frames/frame_01762.jpg,"(383.2, 198.28)"
250,1763,223,frame_01763,"[376, 193, 18.39, 18.55]",1763,9,./data/images/2024_0409_183844_105_food_capture_frames/frame_01763.jpg,"(385.2, 202.28)"
251,1764,73,frame_01764,"[378, 198, 18.39, 18.55]",1764,9,./data/images/2024_0409_183844_105_food_capture_frames/frame_01764.jpg,"(387.2, 207.28)"
252,1765,61,frame_01765,"[378, 198, 18.39, 18.55]",1765,9,./data/images/2024_0409_183844_105_food_capture_frames/frame_01765.jpg,"(387.2, 207.28)"
253,1766,177,frame_01766,"[375, 203, 18.39, 18.55]",1766,9,./data/images/2024_0409_183844_105_food_capture_frames/frame_01766.jpg,"(384.2, 212.28)"
254,1767,250,frame_01767,"[380, 201, 18.39, 18.55]",1767,9,./data/images/2024_0409_183844_105_food_capture_frames/frame_01767.jpg,"(389.2, 210.28)"
255,1768,209,frame_01768,"[379, 205, 18.39, 18.55]",1768,9,./data/images/2024_0409_183844_105_food_capture_frames/frame_01768.jpg,"(388.2, 214.28)"
256,1769,39,frame_01769,"[382, 209, 18.39, 18.55]",1769,9,./data/images/2024_0409_183844_105_food_capture_frames/frame_01769.jpg,"(391.2, 218.28)"
257,1770,245,frame_01770,"[385, 213, 18.39, 18.55]",1770,9,./data/images/2024_0409_183844_105_food_capture_frames/frame_01770.jpg,"(394.2, 222.28)"
258,1771,206,frame_01771,"[387, 217, 18.39, 18.55]",1771,9,./data/images/2024_0409_183844_105_food_capture_frames/frame_01771.jpg,"(396.2, 226.28)"
259,1772,248,frame_01772,"[392, 224, 18.39, 18.55]",1772,9,./data/images/2024_0409_183844_105_food_capture_frames/frame_01772.jpg,"(401.2, 233.28)"
260,1773,157,frame_01773,"[394, 223, 18.39, 18.55]",1773,9,./data/images/2024_0409_183844_105_food_capture_frames/frame_01773.jpg,"(403.2, 232.28)"
261,1774,95,frame_01774,"[400, 222, 18.39, 18.55]",1774,9,./data/images/2024_0409_183844_105_food_capture_frames/frame_01774.jpg,"(409.2, 231.28)"
262,1775,104,frame_01775,"[402, 222, 18.39, 18.55]",1775,9,./data/images/2024_0409_183844_105_food_capture_frames/frame_01775.jpg,"(411.2, 231.28)"
263,1776,76,frame_01776,"[404, 222, 18.39, 18.55]",1776,9,./data/images/2024_0409_183844_105_food_capture_frames/frame_01776.jpg,"(413.2, 231.28)"
264,1777,29,frame_01777,"[405, 221, 18.39, 18.55]",1777,9,./data/images/2024_0409_183844_105_food_capture_frames/frame_01777.jpg,"(414.2, 230.28)"
265,1817,11,frame_01817,"[45, 482, 19.94, 17.84]",1817,8,./data/images/2024_0409_183844_105_food_capture_frames/frame_01817.jpg,"(54.97, 490.92)"
266,1817,11,frame_01817,"[207, 412, 18.36, 17.82]",1817,7,./data/images/2024_0409_183844_105_food_capture_frames/frame_01817.jpg,"(216.18, 420.91)"
267,1818,35,frame_01818,"[51, 482, 19.94, 17.84]",1818,8,./data/images/2024_0409_183844_105_food_capture_frames/frame_01818.jpg,"(60.97, 490.92)"
268,1818,35,frame_01818,"[216, 406, 18.36, 17.82]",1818,7,./data/images/2024_0409_183844_105_food_capture_frames/frame_01818.jpg,"(225.18, 414.91)"
269,1819,47,frame_01819,"[57, 479, 19.94, 17.84]",1819,8,./data/images/2024_0409_183844_105_food_capture_frames/frame_01819.jpg,"(66.97, 487.92)"
270,1819,47,frame_01819,"[228, 399, 18.36, 17.82]",1819,7,./data/images/2024_0409_183844_105_food_capture_frames/frame_01819.jpg,"(237.18, 407.91)"
271,1820,32,frame_01820,"[242, 392, 18.36, 17.82]",1820,7,./data/images/2024_0409_183844_105_food_capture_frames/frame_01820.jpg,"(251.18, 400.91)"
272,1820,32,frame_01820,"[59, 476, 19.94, 17.84]",1820,8,./data/images/2024_0409_183844_105_food_capture_frames/frame_01820.jpg,"(68.97, 484.92)"
273,1821,239,frame_01821,"[254, 388, 18.36, 17.82]",1821,7,./data/images/2024_0409_183844_105_food_capture_frames/frame_01821.jpg,"(263.18, 396.91)"
274,1821,239,frame_01821,"[60, 473, 19.94, 17.84]",1821,8,./data/images/2024_0409_183844_105_food_capture_frames/frame_01821.jpg,"(69.97, 481.92)"
275,1822,85,frame_01822,"[270, 381, 18.36, 17.82]",1822,7,./data/images/2024_0409_183844_105_food_capture_frames/frame_01822.jpg,"(279.18, 389.91)"
276,1822,85,frame_01822,"[72, 469, 19.94, 17.84]",1822,8,./data/images/2024_0409_183844_105_food_capture_frames/frame_01822.jpg,"(81.97, 477.92)"
277,1823,37,frame_01823,"[285, 375, 18.36, 17.82]",1823,7,./data/images/2024_0409_183844_105_food_capture_frames/frame_01823.jpg,"(294.18, 383.91)"
278,1823,37,frame_01823,"[84, 465, 19.94, 17.84]",1823,8,./data/images/2024_0409_183844_105_food_capture_frames/frame_01823.jpg,"(93.97, 473.92)"
279,1824,55,frame_01824,"[302, 369, 18.36, 17.82]",1824,7,./data/images/2024_0409_183844_105_food_capture_frames/frame_01824.jpg,"(311.18, 377.91)"
280,1824,55,frame_01824,"[83, 463, 19.94, 17.84]",1824,8,./data/images/2024_0409_183844_105_food_capture_frames/frame_01824.jpg,"(92.97, 471.92)"
281,1825,267,frame_01825,"[88, 463, 19.94, 17.84]",1825,8,./data/images/2024_0409_183844_105_food_capture_frames/frame_01825.jpg,"(97.97, 471.92)"
282,1825,267,frame_01825,"[321, 364, 18.36, 17.82]",1825,7,./data/images/2024_0409_183844_105_food_capture_frames/frame_01825.jpg,"(330.18, 372.91)"
283,1826,43,frame_01826,"[339, 359, 18.36, 17.82]",1826,7,./data/images/2024_0409_183844_105_food_capture_frames/frame_01826.jpg,"(348.18, 367.91)"
284,1826,43,frame_01826,"[93, 460, 19.94, 17.84]",1826,8,./data/images/2024_0409_183844_105_food_capture_frames/frame_01826.jpg,"(102.97, 468.92)"
285,1827,8,frame_01827,"[93, 454, 19.94, 17.84]",1827,8,./data/images/2024_0409_183844_105_food_capture_frames/frame_01827.jpg,"(102.97, 462.92)"
286,1827,8,frame_01827,"[361, 356, 18.36, 17.82]",1827,7,./data/images/2024_0409_183844_105_food_capture_frames/frame_01827.jpg,"(370.18, 364.91)"
287,1828,229,frame_01828,"[95, 449, 19.94, 17.84]",1828,8,./data/images/2024_0409_183844_105_food_capture_frames/frame_01828.jpg,"(104.97, 457.92)"
288,1828,229,frame_01828,"[388, 352, 18.36, 17.82]",1828,7,./data/images/2024_0409_183844_105_food_capture_frames/frame_01828.jpg,"(397.18, 360.91)"
289,1829,152,frame_01829,"[413, 339, 18.36, 17.82]",1829,7,./data/images/2024_0409_183844_105_food_capture_frames/frame_01829.jpg,"(422.18, 347.91)"
290,1829,152,frame_01829,"[102, 447, 19.94, 17.84]",1829,8,./data/images/2024_0409_183844_105_food_capture_frames/frame_01829.jpg,"(111.97, 455.92)"
291,1830,127,frame_01830,"[104, 445, 19.94, 17.84]",1830,8,./data/images/2024_0409_183844_105_food_capture_frames/frame_01830.jpg,"(113.97, 453.92)"
292,1830,127,frame_01830,"[430, 325, 18.36, 17.82]",1830,7,./data/images/2024_0409_183844_105_food_capture_frames/frame_01830.jpg,"(439.18, 333.91)"
293,1831,207,frame_01831,"[110, 442, 19.94, 17.84]",1831,8,./data/images/2024_0409_183844_105_food_capture_frames/frame_01831.jpg,"(119.97, 450.92)"
294,1831,207,frame_01831,"[432, 319, 18.36, 17.82]",1831,7,./data/images/2024_0409_183844_105_food_capture_frames/frame_01831.jpg,"(441.18, 327.91)"
295,1832,236,frame_01832,"[113, 437, 19.94, 17.84]",1832,8,./data/images/2024_0409_183844_105_food_capture_frames/frame_01832.jpg,"(122.97, 445.92)"
296,1832,236,frame_01832,"[436, 315, 18.36, 17.82]",1832,7,./data/images/2024_0409_183844_105_food_capture_frames/frame_01832.jpg,"(445.18, 323.91)"
297,1833,193,frame_01833,"[120, 432, 19.94, 17.84]",1833,8,./data/images/2024_0409_183844_105_food_capture_frames/frame_01833.jpg,"(129.97, 440.92)"
298,1833,193,frame_01833,"[439, 311, 18.36, 17.82]",1833,7,./data/images/2024_0409_183844_105_food_capture_frames/frame_01833.jpg,"(448.18, 319.91)"
299,1834,141,frame_01834,"[440, 307, 18.36, 17.82]",1834,7,./data/images/2024_0409_183844_105_food_capture_frames/frame_01834.jpg,"(449.18, 315.91)"
300,1834,141,frame_01834,"[125, 430, 19.94, 17.84]",1834,8,./data/images/2024_0409_183844_105_food_capture_frames/frame_01834.jpg,"(134.97, 438.92)"
301,1835,79,frame_01835,"[438, 302, 18.36, 17.82]",1835,7,./data/images/2024_0409_183844_105_food_capture_frames/frame_01835.jpg,"(447.18, 310.91)"
302,1835,79,frame_01835,"[134, 427, 19.94, 17.84]",1835,8,./data/images/2024_0409_183844_105_food_capture_frames/frame_01835.jpg,"(143.97, 435.92)"
303,1836,100,frame_01836,"[433, 298, 18.36, 17.82]",1836,7,./data/images/2024_0409_183844_105_food_capture_frames/frame_01836.jpg,"(442.18, 306.91)"
304,1836,100,frame_01836,"[142, 421, 19.94, 17.84]",1836,8,./data/images/2024_0409_183844_105_food_capture_frames/frame_01836.jpg,"(151.97, 429.92)"
305,1837,218,frame_01837,"[430, 297, 18.36, 17.82]",1837,7,./data/images/2024_0409_183844_105_food_capture_frames/frame_01837.jpg,"(439.18, 305.91)"
306,1837,218,frame_01837,"[146, 420, 19.94, 17.84]",1837,8,./data/images/2024_0409_183844_105_food_capture_frames/frame_01837.jpg,"(155.97, 428.92)"
307,1838,19,frame_01838,"[156, 415, 19.94, 17.84]",1838,8,./data/images/2024_0409_183844_105_food_capture_frames/frame_01838.jpg,"(165.97, 423.92)"
308,1838,19,frame_01838,"[429, 294, 18.36, 17.82]",1838,7,./data/images/2024_0409_183844_105_food_capture_frames/frame_01838.jpg,"(438.18, 302.91)"
309,1839,225,frame_01839,"[160, 409, 19.94, 17.84]",1839,8,./data/images/2024_0409_183844_105_food_capture_frames/frame_01839.jpg,"(169.97, 417.92)"
310,1839,225,frame_01839,"[429, 291, 18.36, 17.82]",1839,7,./data/images/2024_0409_183844_105_food_capture_frames/frame_01839.jpg,"(438.18, 299.91)"
311,1840,173,frame_01840,"[168, 408, 19.94, 17.84]",1840,8,./data/images/2024_0409_183844_105_food_capture_frames/frame_01840.jpg,"(177.97, 416.92)"
312,1840,173,frame_01840,"[428, 292, 18.36, 17.82]",1840,7,./data/images/2024_0409_183844_105_food_capture_frames/frame_01840.jpg,"(437.18, 300.91)"
313,1841,233,frame_01841,"[177, 404, 19.94, 17.84]",1841,8,./data/images/2024_0409_183844_105_food_capture_frames/frame_01841.jpg,"(186.97, 412.92)"
314,1841,233,frame_01841,"[425, 290, 18.36, 17.82]",1841,7,./data/images/2024_0409_183844_105_food_capture_frames/frame_01841.jpg,"(434.18, 298.91)"
315,1842,129,frame_01842,"[421, 290, 18.36, 17.82]",1842,7,./data/images/2024_0409_183844_105_food_capture_frames/frame_01842.jpg,"(430.18, 298.91)"
316,1842,129,frame_01842,"[186, 398, 19.94, 17.84]",1842,8,./data/images/2024_0409_183844_105_food_capture_frames/frame_01842.jpg,"(195.97, 406.92)"
317,1843,184,frame_01843,"[193, 394, 19.94, 17.84]",1843,8,./data/images/2024_0409_183844_105_food_capture_frames/frame_01843.jpg,"(202.97, 402.92)"
318,1843,184,frame_01843,"[415, 288, 18.36, 17.82]",1843,7,./data/images/2024_0409_183844_105_food_capture_frames/frame_01843.jpg,"(424.18, 296.91)"
319,1844,62,frame_01844,"[409, 285, 18.36, 17.82]",1844,7,./data/images/2024_0409_183844_105_food_capture_frames/frame_01844.jpg,"(418.18, 293.91)"
320,1844,62,frame_01844,"[198, 388, 19.94, 17.84]",1844,8,./data/images/2024_0409_183844_105_food_capture_frames/frame_01844.jpg,"(207.97, 396.92)"
321,1845,118,frame_01845,"[405, 282, 18.36, 17.82]",1845,7,./data/images/2024_0409_183844_105_food_capture_frames/frame_01845.jpg,"(414.18, 290.91)"
322,1845,118,frame_01845,"[208, 384, 19.94, 17.84]",1845,8,./data/images/2024_0409_183844_105_food_capture_frames/frame_01845.jpg,"(217.97, 392.92)"
323,1846,65,frame_01846,"[219, 381, 19.94, 17.84]",1846,8,./data/images/2024_0409_183844_105_food_capture_frames/frame_01846.jpg,"(228.97, 389.92)"
324,1846,65,frame_01846,"[402, 281, 18.36, 17.82]",1846,7,./data/images/2024_0409_183844_105_food_capture_frames/frame_01846.jpg,"(411.18, 289.91)"
325,1847,244,frame_01847,"[225, 376, 19.94, 17.84]",1847,8,./data/images/2024_0409_183844_105_food_capture_frames/frame_01847.jpg,"(234.97, 384.92)"
326,1847,244,frame_01847,"[398, 278, 18.36, 17.82]",1847,7,./data/images/2024_0409_183844_105_food_capture_frames/frame_01847.jpg,"(407.18, 286.91)"
327,1848,98,frame_01848,"[235, 375, 19.94, 17.84]",1848,8,./data/images/2024_0409_183844_105_food_capture_frames/frame_01848.jpg,"(244.97, 383.92)"
328,1848,98,frame_01848,"[397, 278, 18.36, 17.82]",1848,7,./data/images/2024_0409_183844_105_food_capture_frames/frame_01848.jpg,"(406.18, 286.91)"
329,1849,270,frame_01849,"[395, 275, 18.36, 17.82]",1849,7,./data/images/2024_0409_183844_105_food_capture_frames/frame_01849.jpg,"(404.18, 283.91)"
330,1849,270,frame_01849,"[248, 368, 19.94, 17.84]",1849,8,./data/images/2024_0409_183844_105_food_capture_frames/frame_01849.jpg,"(257.97, 376.92)"
331,1850,135,frame_01850,"[393, 271, 18.36, 17.82]",1850,7,./data/images/2024_0409_183844_105_food_capture_frames/frame_01850.jpg,"(402.18, 279.91)"
332,1850,135,frame_01850,"[262, 362, 19.94, 17.84]",1850,8,./data/images/2024_0409_183844_105_food_capture_frames/frame_01850.jpg,"(271.97, 370.92)"
333,1851,6,frame_01851,"[277, 360, 19.94, 17.84]",1851,8,./data/images/2024_0409_183844_105_food_capture_frames/frame_01851.jpg,"(286.97, 368.92)"
334,1851,6,frame_01851,"[395, 266, 18.36, 17.82]",1851,7,./data/images/2024_0409_183844_105_food_capture_frames/frame_01851.jpg,"(404.18, 274.91)"
335,1852,87,frame_01852,"[393, 262, 18.36, 17.82]",1852,7,./data/images/2024_0409_183844_105_food_capture_frames/frame_01852.jpg,"(402.18, 270.91)"
336,1852,87,frame_01852,"[298, 358, 19.94, 17.84]",1852,8,./data/images/2024_0409_183844_105_food_capture_frames/frame_01852.jpg,"(307.97, 366.92)"
337,1853,277,frame_01853,"[318, 357, 19.94, 17.84]",1853,8,./data/images/2024_0409_183844_105_food_capture_frames/frame_01853.jpg,"(327.97, 365.92)"
338,1853,277,frame_01853,"[398, 258, 18.36, 17.82]",1853,7,./data/images/2024_0409_183844_105_food_capture_frames/frame_01853.jpg,"(407.18, 266.91)"
339,1854,105,frame_01854,"[398, 255, 18.36, 17.82]",1854,7,./data/images/2024_0409_183844_105_food_capture_frames/frame_01854.jpg,"(407.18, 263.91)"
340,1854,105,frame_01854,"[339, 358, 19.94, 17.84]",1854,8,./data/images/2024_0409_183844_105_food_capture_frames/frame_01854.jpg,"(348.97, 366.92)"
341,1855,71,frame_01855,"[398, 253, 18.36, 17.82]",1855,7,./data/images/2024_0409_183844_105_food_capture_frames/frame_01855.jpg,"(407.18, 261.91)"
342,1855,71,frame_01855,"[365, 357, 19.94, 17.84]",1855,8,./data/images/2024_0409_183844_105_food_capture_frames/frame_01855.jpg,"(374.97, 365.92)"
343,1856,199,frame_01856,"[399, 249, 18.36, 17.82]",1856,7,./data/images/2024_0409_183844_105_food_capture_frames/frame_01856.jpg,"(408.18, 257.91)"
344,1856,199,frame_01856,"[388, 355, 19.94, 17.84]",1856,8,./data/images/2024_0409_183844_105_food_capture_frames/frame_01856.jpg,"(397.97, 363.92)"
345,1857,222,frame_01857,"[412, 355, 19.94, 17.84]",1857,8,./data/images/2024_0409_183844_105_food_capture_frames/frame_01857.jpg,"(421.97, 363.92)"
346,1857,222,frame_01857,"[401, 245, 18.36, 17.82]",1857,7,./data/images/2024_0409_183844_105_food_capture_frames/frame_01857.jpg,"(410.18, 253.91)"
347,1858,235,frame_01858,"[428, 352, 19.94, 17.84]",1858,8,./data/images/2024_0409_183844_105_food_capture_frames/frame_01858.jpg,"(437.97, 360.92)"
348,1858,235,frame_01858,"[405, 242, 18.36, 17.82]",1858,7,./data/images/2024_0409_183844_105_food_capture_frames/frame_01858.jpg,"(414.18, 250.91)"
349,1859,266,frame_01859,"[441, 351, 19.94, 17.84]",1859,8,./data/images/2024_0409_183844_105_food_capture_frames/frame_01859.jpg,"(450.97, 359.92)"
350,1859,266,frame_01859,"[409, 240, 18.36, 17.82]",1859,7,./data/images/2024_0409_183844_105_food_capture_frames/frame_01859.jpg,"(418.18, 248.91)"
351,1860,257,frame_01860,"[414, 243, 18.36, 17.82]",1860,7,./data/images/2024_0409_183844_105_food_capture_frames/frame_01860.jpg,"(423.18, 251.91)"
352,1860,257,frame_01860,"[456, 353, 19.94, 17.84]",1860,8,./data/images/2024_0409_183844_105_food_capture_frames/frame_01860.jpg,"(465.97, 361.92)"
353,1861,86,frame_01861,"[463, 347, 19.94, 17.84]",1861,8,./data/images/2024_0409_183844_105_food_capture_frames/frame_01861.jpg,"(472.97, 355.92)"
354,1861,86,frame_01861,"[418, 243, 18.36, 17.82]",1861,7,./data/images/2024_0409_183844_105_food_capture_frames/frame_01861.jpg,"(427.18, 251.91)"
355,1862,201,frame_01862,"[466, 342, 19.94, 17.84]",1862,8,./data/images/2024_0409_183844_105_food_capture_frames/frame_01862.jpg,"(475.97, 350.92)"
356,1862,201,frame_01862,"[423, 241, 18.36, 17.82]",1862,7,./data/images/2024_0409_183844_105_food_capture_frames/frame_01862.jpg,"(432.18, 249.91)"
357,1863,189,frame_01863,"[467, 338, 19.94, 17.84]",1863,8,./data/images/2024_0409_183844_105_food_capture_frames/frame_01863.jpg,"(476.97, 346.92)"
358,1864,16,frame_01864,"[467, 333, 19.94, 17.84]",1864,8,./data/images/2024_0409_183844_105_food_capture_frames/frame_01864.jpg,"(476.97, 341.92)"
359,1865,12,frame_01865,"[466, 329, 19.94, 17.84]",1865,8,./data/images/2024_0409_183844_105_food_capture_frames/frame_01865.jpg,"(475.97, 337.92)"
360,1866,241,frame_01866,"[464, 326, 19.94, 17.84]",1866,8,./data/images/2024_0409_183844_105_food_capture_frames/frame_01866.jpg,"(473.97, 334.92)"
361,1867,220,frame_01867,"[467, 324, 19.94, 17.84]",1867,8,./data/images/2024_0409_183844_105_food_capture_frames/frame_01867.jpg,"(476.97, 332.92)"
362,1868,246,frame_01868,"[466, 321, 19.94, 17.84]",1868,8,./data/images/2024_0409_183844_105_food_capture_frames/frame_01868.jpg,"(475.97, 329.92)"
363,1869,83,frame_01869,"[462, 317, 19.94, 17.84]",1869,8,./data/images/2024_0409_183844_105_food_capture_frames/frame_01869.jpg,"(471.97, 325.92)"
364,1870,243,frame_01870,"[460, 313, 19.94, 17.84]",1870,8,./data/images/2024_0409_183844_105_food_capture_frames/frame_01870.jpg,"(469.97, 321.92)"
365,1871,217,frame_01871,"[455, 309, 19.94, 17.84]",1871,8,./data/images/2024_0409_183844_105_food_capture_frames/frame_01871.jpg,"(464.97, 317.92)"
366,1872,52,frame_01872,"[451, 307, 19.94, 17.84]",1872,8,./data/images/2024_0409_183844_105_food_capture_frames/frame_01872.jpg,"(460.97, 315.92)"
367,1873,5,frame_01873,"[446, 304, 19.94, 17.84]",1873,8,./data/images/2024_0409_183844_105_food_capture_frames/frame_01873.jpg,"(455.97, 312.92)"
368,1874,171,frame_01874,"[444, 300, 19.94, 17.84]",1874,8,./data/images/2024_0409_183844_105_food_capture_frames/frame_01874.jpg,"(453.97, 308.92)"
369,1875,194,frame_01875,"[444, 297, 19.94, 17.84]",1875,8,./data/images/2024_0409_183844_105_food_capture_frames/frame_01875.jpg,"(453.97, 305.92)"
370,1876,249,frame_01876,"[440, 294, 19.94, 17.84]",1876,8,./data/images/2024_0409_183844_105_food_capture_frames/frame_01876.jpg,"(449.97, 302.92)"
371,1877,153,frame_01877,"[438, 291, 19.94, 17.84]",1877,8,./data/images/2024_0409_183844_105_food_capture_frames/frame_01877.jpg,"(447.97, 299.92)"
372,1878,186,frame_01878,"[435, 291, 19.94, 17.84]",1878,8,./data/images/2024_0409_183844_105_food_capture_frames/frame_01878.jpg,"(444.97, 299.92)"
373,1879,101,frame_01879,"[435, 289, 19.94, 17.84]",1879,8,./data/images/2024_0409_183844_105_food_capture_frames/frame_01879.jpg,"(444.97, 297.92)"
374,1880,67,frame_01880,"[433, 287, 19.94, 17.84]",1880,8,./data/images/2024_0409_183844_105_food_capture_frames/frame_01880.jpg,"(442.97, 295.92)"
375,1881,30,frame_01881,"[426, 288, 19.94, 17.84]",1881,8,./data/images/2024_0409_183844_105_food_capture_frames/frame_01881.jpg,"(435.97, 296.92)"
376,1882,205,frame_01882,"[421, 287, 19.94, 17.84]",1882,8,./data/images/2024_0409_183844_105_food_capture_frames/frame_01882.jpg,"(430.97, 295.92)"
377,1883,31,frame_01883,"[421, 285, 19.94, 17.84]",1883,8,./data/images/2024_0409_183844_105_food_capture_frames/frame_01883.jpg,"(430.97, 293.92)"
378,1884,208,frame_01884,"[423, 287, 19.94, 17.84]",1884,8,./data/images/2024_0409_183844_105_food_capture_frames/frame_01884.jpg,"(432.97, 295.92)"
379,1885,158,frame_01885,"[420, 287, 19.94, 17.84]",1885,8,./data/images/2024_0409_183844_105_food_capture_frames/frame_01885.jpg,"(429.97, 295.92)"
380,1886,44,frame_01886,"[417, 283, 19.94, 17.84]",1886,8,./data/images/2024_0409_183844_105_food_capture_frames/frame_01886.jpg,"(426.97, 291.92)"
381,1887,170,frame_01887,"[411, 280, 19.94, 17.84]",1887,8,./data/images/2024_0409_183844_105_food_capture_frames/frame_01887.jpg,"(420.97, 288.92)"
382,1888,160,frame_01888,"[411, 280, 19.94, 17.84]",1888,8,./data/images/2024_0409_183844_105_food_capture_frames/frame_01888.jpg,"(420.97, 288.92)"
383,1889,116,frame_01889,"[398, 269, 19.94, 17.84]",1889,8,./data/images/2024_0409_183844_105_food_capture_frames/frame_01889.jpg,"(407.97, 277.92)"
384,1890,234,frame_01890,"[391, 261, 19.94, 17.84]",1890,8,./data/images/2024_0409_183844_105_food_capture_frames/frame_01890.jpg,"(400.97, 269.92)"
385,1891,102,frame_01891,"[392, 255, 19.94, 17.84]",1891,8,./data/images/2024_0409_183844_105_food_capture_frames/frame_01891.jpg,"(401.97, 263.92)"
386,1892,117,frame_01892,"[394, 251, 19.94, 17.84]",1892,8,./data/images/2024_0409_183844_105_food_capture_frames/frame_01892.jpg,"(403.97, 259.92)"
387,1893,215,frame_01893,"[397, 246, 19.94, 17.84]",1893,8,./data/images/2024_0409_183844_105_food_capture_frames/frame_01893.jpg,"(406.97, 254.92)"
388,1894,53,frame_01894,"[399, 241, 19.94, 17.84]",1894,8,./data/images/2024_0409_183844_105_food_capture_frames/frame_01894.jpg,"(408.97, 249.92)"
389,1895,49,frame_01895,"[402, 238, 19.94, 17.84]",1895,8,./data/images/2024_0409_183844_105_food_capture_frames/frame_01895.jpg,"(411.97, 246.92)"
390,1896,240,frame_01896,"[404, 236, 19.94, 17.84]",1896,8,./data/images/2024_0409_183844_105_food_capture_frames/frame_01896.jpg,"(413.97, 244.92)"
391,1897,237,frame_01897,"[407, 233, 19.94, 17.84]",1897,8,./data/images/2024_0409_183844_105_food_capture_frames/frame_01897.jpg,"(416.97, 241.92)"
392,1898,175,frame_01898,"[411, 235, 19.94, 17.84]",1898,8,./data/images/2024_0409_183844_105_food_capture_frames/frame_01898.jpg,"(420.97, 243.92)"
393,1899,0,frame_01899,"[410, 233, 19.94, 17.84]",1899,8,./data/images/2024_0409_183844_105_food_capture_frames/frame_01899.jpg,"(419.97, 241.92)"
394,1900,123,frame_01900,"[410, 233, 19.94, 17.84]",1900,8,./data/images/2024_0409_183844_105_food_capture_frames/frame_01900.jpg,"(419.97, 241.92)"
395,1901,162,frame_01901,"[412, 234, 19.94, 17.84]",1901,6,./data/images/2024_0409_183844_105_food_capture_frames/frame_01901.jpg,"(421.97, 242.92)"
396,1902,198,frame_01902,"[412, 234, 19.94, 17.84]",1902,6,./data/images/2024_0409_183844_105_food_capture_frames/frame_01902.jpg,"(421.97, 242.92)"
397,1903,66,frame_01903,"[415, 234, 19.94, 17.84]",1903,6,./data/images/2024_0409_183844_105_food_capture_frames/frame_01903.jpg,"(424.97, 242.92)"
398,1904,82,frame_01904,"[417, 231, 19.94, 17.84]",1904,6,./data/images/2024_0409_183844_105_food_capture_frames/frame_01904.jpg,"(426.97, 239.92)"
399,1905,260,frame_01905,"[419, 231, 19.94, 17.84]",1905,6,./data/images/2024_0409_183844_105_food_capture_frames/frame_01905.jpg,"(428.97, 239.92)"
400,1906,169,frame_01906,"[422, 230, 19.94, 17.84]",1906,6,./data/images/2024_0409_183844_105_food_capture_frames/frame_01906.jpg,"(431.97, 238.92)"
401,1907,192,frame_01907,"[425, 230, 19.94, 17.84]",1907,6,./data/images/2024_0409_183844_105_food_capture_frames/frame_01907.jpg,"(434.97, 238.92)"
402,1908,78,frame_01908,"[426, 229, 19.94, 17.84]",1908,6,./data/images/2024_0409_183844_105_food_capture_frames/frame_01908.jpg,"(435.97, 237.92)"
403,1909,38,frame_01909,"[426, 229, 19.94, 17.84]",1909,6,./data/images/2024_0409_183844_105_food_capture_frames/frame_01909.jpg,"(435.97, 237.92)"
404,1910,20,frame_01910,"[428, 230, 19.94, 17.84]",1910,6,./data/images/2024_0409_183844_105_food_capture_frames/frame_01910.jpg,"(437.97, 238.92)"
405,1911,115,frame_01911,"[429, 229, 19.94, 17.84]",1911,6,./data/images/2024_0409_183844_105_food_capture_frames/frame_01911.jpg,"(438.97, 237.92)"
406,1912,255,frame_01912,"[430, 227, 19.94, 17.84]",1912,6,./data/images/2024_0409_183844_105_food_capture_frames/frame_01912.jpg,"(439.97, 235.92)"
407,1913,174,frame_01913,"[432, 227, 19.94, 17.84]",1913,6,./data/images/2024_0409_183844_105_food_capture_frames/frame_01913.jpg,"(441.97, 235.92)"
